<?xml version="1.0" encoding="UTF-8"?>
<project-private xmlns="http://www.netbeans.org/ns/project-private/1">
    <editor-bookmarks xmlns="http://www.netbeans.org/ns/editor-bookmarks/2" lastBookmarkId="0"/>
    <open-files xmlns="http://www.netbeans.org/ns/projectui-open-files/2">
        <group>
            <file>file:/home/abdussalam/NetBeansProjects/LibraryProject/web/adminPage.jsp</file>
            <file>file:/home/abdussalam/NetBeansProjects/LibraryProject/web/userPage.jsp</file>
            <file>file:/home/abdussalam/NetBeansProjects/LibraryProject/web/signup.jsp</file>
            <file>file:/home/abdussalam/NetBeansProjects/LibraryProject/web/logo.jsp</file>
            <file>file:/home/abdussalam/NetBeansProjects/LibraryProject/web/index.html</file>
            <file>file:/home/abdussalam/NetBeansProjects/LibraryProject/src/java/ConnectionDB.java</file>
        </group>
    </open-files>
</project-private>
